Date,Forecasted Revenue
2025-03-16,9567.077918980289
2025-03-17,9567.157944715509
2025-03-18,9567.23797045073
2025-03-19,9567.31799618595
2025-03-20,9567.39802192117
2025-03-21,9567.47804765639
2025-03-22,9567.558073391612
2025-03-23,9567.638099126832
2025-03-24,9567.718124862053
2025-03-25,9567.798150597273
2025-03-26,9567.878176332493
2025-03-27,9567.958202067714
2025-03-28,9568.038227802934
2025-03-29,9568.118253538156
2025-03-30,9568.198279273376
2025-03-31,9568.278305008596
2025-04-01,9568.358330743817
2025-04-02,9568.438356479037
2025-04-03,9568.518382214257
2025-04-04,9568.598407949477
2025-04-05,9568.6784336847
2025-04-06,9568.75845941992
2025-04-07,9568.83848515514
2025-04-08,9568.91851089036
2025-04-09,9568.99853662558
2025-04-10,9569.0785623608
2025-04-11,9569.158588096021
2025-04-12,9569.238613831241
2025-04-13,9569.318639566463
2025-04-14,9569.398665301684
2025-04-15,9569.478691036904
2025-04-16,9569.558716772124
2025-04-17,9569.638742507344
2025-04-18,9569.718768242565
2025-04-19,9569.798793977785
2025-04-20,9569.878819713007
2025-04-21,9569.958845448227
2025-04-22,9570.038871183448
2025-04-23,9570.118896918668
2025-04-24,9570.198922653888
2025-04-25,9570.278948389108
2025-04-26,9570.358974124329
2025-04-27,9570.438999859549
2025-04-28,9570.519025594771
2025-04-29,9570.599051329991
2025-04-30,9570.679077065211
2025-05-01,9570.759102800432
2025-05-02,9570.839128535652
2025-05-03,9570.919154270872
2025-05-04,9570.999180006093
2025-05-05,9571.079205741315
2025-05-06,9571.159231476535
2025-05-07,9571.239257211755
2025-05-08,9571.319282946975
2025-05-09,9571.399308682196
2025-05-10,9571.479334417416
2025-05-11,9571.559360152636
2025-05-12,9571.639385887858
2025-05-13,9571.719411623078
2025-05-14,9571.799437358299
2025-05-15,9571.879463093519
2025-05-16,9571.95948882874
2025-05-17,9572.03951456396
2025-05-18,9572.11954029918
2025-05-19,9572.1995660344
2025-05-20,9572.279591769622
2025-05-21,9572.359617504842
2025-05-22,9572.439643240063
2025-05-23,9572.519668975283
2025-05-24,9572.599694710503
2025-05-25,9572.679720445723
2025-05-26,9572.759746180944
2025-05-27,9572.839771916166
2025-05-28,9572.919797651386
2025-05-29,9572.999823386606
2025-05-30,9573.079849121827
2025-05-31,9573.159874857047
2025-06-01,9573.239900592267
2025-06-02,9573.319926327487
2025-06-03,9573.399952062708
2025-06-04,9573.47997779793
2025-06-05,9573.56000353315
2025-06-06,9573.64002926837
2025-06-07,9573.72005500359
2025-06-08,9573.80008073881
2025-06-09,9573.880106474031
2025-06-10,9573.960132209251
2025-06-11,9574.040157944473
2025-06-12,9574.120183679694
2025-06-13,9574.200209414914
